{
    "lr": 0.0008652854692658926,
    "hidden_dim": 64,
    "dropout": 0.29930952694032315
}